profileName,post_count
0bc1bc50b627dd342e3a0498e0f8240c99d4daf267ebea90c1864660f109b6a1,3
8aeea95ecbcc3b29e499cdeb08b4c25828bac77cdf313dc152cefee965fa1f6f,3
b30b11aa9dbdae2cf34c9907f667ea8cfc36f92f7c9bec1aa055d9f1a1da7c86,3
fbc7d1a96db0c682c8caaaf292d13527b1483b341da109a4480b130bf1607491,3
460c1add92b947b25d86287b68758aa823c9b9e34e7a2b5fc61ff8b140eaa19f,3
997d533437c7c0bd27a3a7364c565c2e2533e6daf2b28553f725e53024e18b76,2
6d16a0ff129a70ccde485892ef19138f8820b0ad652a26b0d13ca3fe6f766c7a,2
72caca6b6ec41047d46a1973dd00db6c43ad114d8f1115864ba29855cecd1317,2
6972b96251f8dc4801859186d967b01cdc035ec13f77e5ac8c8958adf1b19e47,2
e6326a0229f81f599043b68544fc298a1760db14390610e49827e294468a3972,2
